"ip","time","path","useragent","source"
"162.158.106.155","2026-01-21T01:52:50Z","/wp-content/plugins/fix/up.php","Mozlila/5.0 (Linux; Android 7.0; SM-G892A Bulid/NRD90M; wv) AppleWebKit/537.36 (KHTML, like Gecko) Version/4.0 Chrome/60.0.3112.107 Moblie Safari/537.36","plugin_php"
"162.158.108.54","2026-01-21T02:07:15Z","/wp-content/plugins/hellopress/wp_filemanager.php","-","plugin_php"
"162.158.108.31","2026-01-21T03:01:00Z","/wp-content/plugins/shell/about.php","Mozlila/5.0 (Linux; Android 7.0; SM-G892A Bulid/NRD90M; wv) AppleWebKit/537.36 (KHTML, like Gecko) Version/4.0 Chrome/60.0.3112.107 Moblie Safari/537.36","plugin_php"
"172.70.188.90","2026-01-21T03:01:13Z","/wp-content/plugins/pwnd/pwnd.php","Mozlila/5.0 (Linux; Android 7.0; SM-G892A Bulid/NRD90M; wv) AppleWebKit/537.36 (KHTML, like Gecko) Version/4.0 Chrome/60.0.3112.107 Moblie Safari/537.36","plugin_php"
"162.158.88.56","2026-01-21T03:01:25Z","/wp-content/plugins/fix/up.php","Mozlila/5.0 (Linux; Android 7.0; SM-G892A Bulid/NRD90M; wv) AppleWebKit/537.36 (KHTML, like Gecko) Version/4.0 Chrome/60.0.3112.107 Moblie Safari/537.36","plugin_php"
"172.71.81.206","2026-01-21T03:01:30Z","/wp-content/plugins/ph-file-manager/wp-file.php","Mozlila/5.0 (Linux; Android 7.0; SM-G892A Bulid/NRD90M; wv) AppleWebKit/537.36 (KHTML, like Gecko) Version/4.0 Chrome/60.0.3112.107 Moblie Safari/537.36","plugin_php"
"172.70.208.104","2026-01-21T03:01:43Z","/wp-content/plugins/root-file-manager/wp-file.php","Mozlila/5.0 (Linux; Android 7.0; SM-G892A Bulid/NRD90M; wv) AppleWebKit/537.36 (KHTML, like Gecko) Version/4.0 Chrome/60.0.3112.107 Moblie Safari/537.36","plugin_php"
"162.158.162.19","2026-01-21T03:01:58Z","/wp-content/plugins/wp-help/mini.php","Mozlila/5.0 (Linux; Android 7.0; SM-G892A Bulid/NRD90M; wv) AppleWebKit/537.36 (KHTML, like Gecko) Version/4.0 Chrome/60.0.3112.107 Moblie Safari/537.36","plugin_php"
"162.158.190.113","2026-01-21T03:24:20Z","/wp-content/plugins/google-seo-rank/module.php","Mozilla/5.0 (Windows NT 10.0; Win64; x64) AppleWebKit/537.36 (KHTML, like Gecko) Chrome/120.0.0.0 Safari/537.36","plugin_php"
"172.71.152.86","2026-01-21T04:14:34Z","/wp-content/plugins/index.php","Mozilla/5.0 (Linux; Android 10; K) AppleWebKit/537.36 (KHTML, like Gecko) Chrome/114.0.0.0 Mobile Safari/537.36","plugin_php"
"162.158.88.104","2026-01-21T04:14:35Z","/wp-content/plugins/inputs.php","Mozilla/5.0 (Linux; Android 10; K) AppleWebKit/537.36 (KHTML, like Gecko) Chrome/114.0.0.0 Mobile Safari/537.36","plugin_php"
"172.71.81.84","2026-01-21T04:14:35Z","/wp-content/plugins/admin.php","Mozilla/5.0 (Linux; Android 10; K) AppleWebKit/537.36 (KHTML, like Gecko) Chrome/114.0.0.0 Mobile Safari/537.36","plugin_php"
"172.70.92.245","2026-01-21T05:23:23Z","//wp-content/plugins/fix/up.php","Mozilla/5.0 (Windows NT 10.0; Win64; x64) AppleWebKit/537.36 (KHTML, like Gecko) Chrome/85.0.4183.102 Safari/537.36","plugin_php"
"172.68.164.47","2026-01-21T05:31:08Z","/wp-content/plugins/google-seo-rank/module.php","Mozilla/5.0 (Windows NT 10.0; Win64; x64) AppleWebKit/537.36 (KHTML, like Gecko) Chrome/120.0.0.0 Safari/537.36","plugin_php"
"162.158.108.96","2026-01-21T06:01:48Z","/wp-content/plugins/hellopress/wp_filemanager.php","-","plugin_php"
"172.70.208.37","2026-01-21T06:05:11Z","//wp-content/plugins/age-restriction/modules/remote_support/remote_init.php","Go-http-client/2.0","plugin_php"
"172.69.176.51","2026-01-21T06:10:31Z","/wp-content/plugins/hellopress/wp_filemanager.php","-","plugin_php"
"172.68.164.45","2026-01-21T06:10:52Z","/wp-content/plugins/pwnd/as.php","-","plugin_php"
"172.71.124.53","2026-01-21T06:11:00Z","/wp-content/plugins/seoplugins/index.php","Mozilla/5.0 (Windows NT 10.0; Win64; x64) AppleWebKit/537.36 (KHTML, like Gecko) Chrome/120.0.0.0 Safari/537.36","plugin_php"
"172.71.81.89","2026-01-21T06:11:04Z","/wp-content/plugins/item.php","-","plugin_php"
"172.69.166.100","2026-01-21T06:11:11Z","/wp-content/plugins/hellopress/wp_filemanager.php","Mozilla/5.0 (Windows NT 10.0; Win64; x64) AppleWebKit/537.36 (KHTML, like Gecko) Chrome/120.0.0.0 Safari/537.36","plugin_php"
"172.69.176.151","2026-01-21T06:27:20Z","/wp-content/plugins/hellopress/wp_mna.php","Go-http-client/1.1","plugin_php"
"104.23.175.167","2026-01-21T06:27:23Z","/wp-content/plugins/index.php","Go-http-client/1.1","plugin_php"
"172.69.176.31","2026-01-21T06:50:15Z","/wp-content/plugins/","Mozilla/5.0 (Windows NT 10.0; Win64; x64) AppleWebKit/537.36 (KHTML, like Gecko) Chrome/120.0.0.0 Safari/537.36","plugin_php"
"162.158.190.34","2026-01-21T06:50:19Z","/wp-content/plugins/seoplugins/index.php","Mozilla/5.0 (Windows NT 10.0; Win64; x64) AppleWebKit/537.36 (KHTML, like Gecko) Chrome/120.0.0.0 Safari/537.36","plugin_php"
"162.158.88.100","2026-01-21T06:50:25Z","/wp-content/plugins/hellopress/wp_filemanager.php","Mozilla/5.0 (Windows NT 10.0; Win64; x64) AppleWebKit/537.36 (KHTML, like Gecko) Chrome/120.0.0.0 Safari/537.36","plugin_php"
"108.162.226.107","2026-01-21T07:09:11Z","/wp-content/plugins/about.php","Mozilla/5.0 (Windows NT 10.0; Win64; x64) AppleWebKit/537.36 (KHTML, like Gecko) Chrome/120.0.0.0 Safari/537.36","plugin_php"
"172.70.142.7","2026-01-21T07:09:11Z","/wp-content/plugins/admin.php","Mozilla/5.0 (Windows NT 10.0; Win64; x64) AppleWebKit/537.36 (KHTML, like Gecko) Chrome/120.0.0.0 Safari/537.36","plugin_php"
"172.69.176.30","2026-01-21T07:09:11Z","/wp-content/plugins/classic-editor/wp-login.php","Mozilla/5.0 (Windows NT 10.0; Win64; x64) AppleWebKit/537.36 (KHTML, like Gecko) Chrome/120.0.0.0 Safari/537.36","plugin_php"
"172.70.189.88","2026-01-21T07:09:11Z","/wp-content/plugins/yanierin/akc.php","Mozilla/5.0 (Windows NT 10.0; Win64; x64) AppleWebKit/537.36 (KHTML, like Gecko) Chrome/120.0.0.0 Safari/537.36","plugin_php"
"172.70.189.34","2026-01-21T08:27:23Z","/wp-content/plugins/seoplugins/index.php","Mozilla/5.0 (Windows NT 10.0; Win64; x64) AppleWebKit/537.36 (KHTML, like Gecko) Chrome/120.0.0.0 Safari/537.36","plugin_php"
"162.158.189.19","2026-01-21T08:27:34Z","/wp-content/plugins/hellopress/wp_filemanager.php","Mozilla/5.0 (Windows NT 10.0; Win64; x64) AppleWebKit/537.36 (KHTML, like Gecko) Chrome/120.0.0.0 Safari/537.36","plugin_php"
"172.70.188.105","2026-01-21T10:00:30Z","/wp-content/plugins/fix/up.php","Mozilla/5.0 (Linux; Android 7.0; SM-G892A Build/NRD90M; wv) AppleWebKit/537.36 (KHTML, Gecko) Version/4.0 Chrome/60.0.3112.107 Mobile Safari/537.36","plugin_php"
"162.158.88.111","2026-01-21T10:00:36Z","/wp-content/plugins/pwnd/pwnd.php","Mozilla/5.0 (Linux; Android 7.0; SM-G892A Build/NRD90M; wv) AppleWebKit/537.36 (KHTML, Gecko) Version/4.0 Chrome/60.0.3112.107 Mobile Safari/537.36","plugin_php"
"104.23.175.10","2026-01-21T10:00:38Z","/wp-content/plugins/pwnd-1/pwnd.php","Mozilla/5.0 (Linux; Android 7.0; SM-G892A Build/NRD90M; wv) AppleWebKit/537.36 (KHTML, Gecko) Version/4.0 Chrome/60.0.3112.107 Mobile Safari/537.36","plugin_php"
"162.158.189.171","2026-01-21T10:00:42Z","/wp-content/plugins/simple/simple.php","Mozilla/5.0 (Linux; Android 7.0; SM-G892A Build/NRD90M; wv) AppleWebKit/537.36 (KHTML, Gecko) Version/4.0 Chrome/60.0.3112.107 Mobile Safari/537.36","plugin_php"
"172.70.189.78","2026-01-21T11:01:54Z","/wp-content/plugins/","Mozilla/5.0 (Windows NT 10.0; Win64; x64) AppleWebKit/537.36 (KHTML, like Gecko) Chrome/121.0.0.0 Safari/537.36","plugin_php"
"172.69.166.35","2026-01-21T11:14:18Z","/wp-content/plugins/about.php","Mozilla/5.0 (Windows NT 10.0; Win64; x64) AppleWebKit/537.36 (KHTML, like Gecko) Chrome/120.0.0.0 Safari/537.36","plugin_php"
"172.71.124.201","2026-01-21T11:14:19Z","/wp-content/plugins/admin.php","Mozilla/5.0 (Windows NT 10.0; Win64; x64) AppleWebKit/537.36 (KHTML, like Gecko) Chrome/120.0.0.0 Safari/537.36","plugin_php"
"162.158.189.164","2026-01-21T11:14:19Z","/wp-content/plugins/classic-editor/wp-login.php","Mozilla/5.0 (Windows NT 10.0; Win64; x64) AppleWebKit/537.36 (KHTML, like Gecko) Chrome/120.0.0.0 Safari/537.36","plugin_php"
"172.68.164.60","2026-01-21T11:14:19Z","/wp-content/plugins/yanierin/akc.php","Mozilla/5.0 (Windows NT 10.0; Win64; x64) AppleWebKit/537.36 (KHTML, like Gecko) Chrome/120.0.0.0 Safari/537.36","plugin_php"
"172.69.176.103","2026-01-21T11:36:07Z","/wp-content/plugins/","Mozilla/5.0 (Windows NT 10.0; Win64; x64) AppleWebKit/537.36 (KHTML, like Gecko) Chrome/120.0.0.0 Safari/537.36","plugin_php"
"172.69.165.32","2026-01-21T11:52:31Z","/wp-content/plugins/fix/up.php","Mozilla/5.0 (Windows NT 10.0; Win64; x64) AppleWebKit/537.36 (KHTML, like Gecko) Chrome/85.0.4183.102 Safari/537.36","plugin_php"
"172.70.93.78","2026-01-21T11:52:32Z","/wp-content/plugins/apikey/apikey.php?test=hello","Mozlila/5.0 (Linux; Android 7.0; SM-G892A Bulid/NRD90M; wv) AppleWebKit/537.36 (KHTML, like Gecko) Version/4.0 Chrome/60.0.3112.107 Moblie Safari/537.36","plugin_php"
"172.71.152.99","2026-01-21T11:56:35Z","/wp-content/plugins/sexy-contact-form/includes/fileupload/index.php","Mozilla/5.0 (X11; Linux i686; rv:1.9.5.20) Gecko/ Firefox/6.0","plugin_php"
"172.70.208.128","2026-01-20T12:33:31Z","/wp-content/plugins/hellopress/wp_filemanager.php","-","plugin_php"
"172.68.164.78","2026-01-20T13:48:14Z","/wp-content/plugins/hellopress/wp_mna.php","Go-http-client/1.1","plugin_php"
"172.69.166.9","2026-01-20T15:42:32Z","/wp-content/plugins/fix/up.php","Mozilla/5.0 (Windows NT 10.0; Win64; x64) AppleWebKit/537.36 (KHTML, like Gecko) Chrome/85.0.4183.102 Safari/537.36","plugin_php"
"172.69.176.8","2026-01-20T15:42:32Z","/wp-content/plugins/apikey/apikey.php?test=hello","Mozlila/5.0 (Linux; Android 7.0; SM-G892A Bulid/NRD90M; wv) AppleWebKit/537.36 (KHTML, like Gecko) Version/4.0 Chrome/60.0.3112.107 Moblie Safari/537.36","plugin_php"
"172.70.189.60","2026-01-20T16:54:27Z","/wp-content/plugins/akismet/","-","plugin_php"
"172.71.82.71","2026-01-20T16:54:43Z","/wp-content/plugins/","-","plugin_php"
"172.70.208.81","2026-01-20T17:44:22Z","/wp-content/plugins/hellopress/wp_filemanager.php","-","plugin_php"
"172.70.143.253","2026-01-20T17:44:25Z","/wp-content/plugins/pwnd/as.php","-","plugin_php"
"172.70.93.28","2026-01-20T17:44:42Z","/wp-content/plugins/Cache/Cache.php","-","plugin_php"
"172.69.165.48","2026-01-20T17:44:46Z","/wp-content/plugins/item.php","-","plugin_php"
"172.68.164.79","2026-01-20T17:47:49Z","/wp-content/plugins/hellopress/wp_mna.php","Go-http-client/1.1","plugin_php"
"172.69.166.9","2026-01-20T17:47:50Z","/wp-content/plugins/index.php","Go-http-client/1.1","plugin_php"
"162.158.189.178","2026-01-20T18:09:28Z","/wp-content/plugins/hellopress/wp_filemanager.php","-","plugin_php"
"172.68.164.78","2026-01-20T19:14:40Z","/wp-content/plugins/hellopress/wp_filemanager.php","-","plugin_php"
"162.158.170.18","2026-01-20T20:39:08Z","/wp-content/plugins/index.php","Mozilla/5.0 (Linux; Android 10; K) AppleWebKit/537.36 (KHTML, like Gecko) Chrome/114.0.0.0 Mobile Safari/537.36","plugin_php"
"172.69.176.111","2026-01-20T20:39:41Z","/wp-content/plugins/admin.php","Mozilla/5.0 (Linux; Android 10; K) AppleWebKit/537.36 (KHTML, like Gecko) Chrome/114.0.0.0 Mobile Safari/537.36","plugin_php"
"172.71.124.29","2026-01-20T20:39:41Z","/wp-content/plugins/inputs.php","Mozilla/5.0 (Linux; Android 10; K) AppleWebKit/537.36 (KHTML, like Gecko) Chrome/114.0.0.0 Mobile Safari/537.36","plugin_php"
"104.23.175.163","2026-01-20T21:40:51Z","//wp-content/plugins/fix/up.php","Mozilla/5.0 (Windows NT 10.0; Win64; x64) AppleWebKit/537.36 (KHTML, like Gecko) Chrome/85.0.4183.102 Safari/537.36","plugin_php"
"104.23.175.75","2026-01-20T22:19:52Z","/wp-content/plugins/hellopress/wp_filemanager.php","-","plugin_php"
"162.158.107.67","2026-01-21T00:11:25Z","/wp-content/plugins/hellopress/wp_filemanager.php","-","plugin_php"
"172.69.165.48","2026-01-21T00:21:18Z","/wp-content/plugins/sexy-contact-form/includes/fileupload/index.php","Mozilla/5.0 (ZZ; Linux x86_64) AppleWebKit/537.36 (KHTML, like Gecko) Chrome/135.0.0.0 Safari/537.36","plugin_php"
"162.158.171.29","2026-01-21T00:25:32Z","/wp-content/plugins/hellopress/wp_filemanager.php","-","plugin_php"
"162.158.88.48","2026-01-21T00:25:49Z","/wp-content/plugins/index.php","-","plugin_php"
"172.69.165.48","2026-01-21T00:25:57Z","/wp-content/plugins/admin.php","-","plugin_php"
"108.162.227.61","2026-01-21T03:02:11Z","/wp-content/themes/travel/issue.php","Mozlila/5.0 (Linux; Android 7.0; SM-G892A Bulid/NRD90M; wv) AppleWebKit/537.36 (KHTML, like Gecko) Version/4.0 Chrome/60.0.3112.107 Moblie Safari/537.36","themes_php"
"162.158.108.31","2026-01-21T03:02:25Z","/wp-content/themes/jaida/lang.php","Mozlila/5.0 (Linux; Android 7.0; SM-G892A Bulid/NRD90M; wv) AppleWebKit/537.36 (KHTML, like Gecko) Version/4.0 Chrome/60.0.3112.107 Moblie Safari/537.36","themes_php"
"172.71.152.86","2026-01-21T04:14:35Z","/wp-content/themes/alera/alpha.php","Mozilla/5.0 (Linux; Android 10; K) AppleWebKit/537.36 (KHTML, like Gecko) Chrome/114.0.0.0 Mobile Safari/537.36","themes_php"
"172.70.92.223","2026-01-21T04:14:35Z","/wp-content/themes/about.php","Mozilla/5.0 (Linux; Android 10; K) AppleWebKit/537.36 (KHTML, like Gecko) Chrome/114.0.0.0 Mobile Safari/537.36","themes_php"
"162.158.88.104","2026-01-21T04:14:35Z","/wp-content/themes/index.php","Mozilla/5.0 (Linux; Android 10; K) AppleWebKit/537.36 (KHTML, like Gecko) Chrome/114.0.0.0 Mobile Safari/537.36","themes_php"
"162.158.171.19","2026-01-21T04:14:35Z","/wp-content/themes/inputs.php","Mozilla/5.0 (Linux; Android 10; K) AppleWebKit/537.36 (KHTML, like Gecko) Chrome/114.0.0.0 Mobile Safari/537.36","themes_php"
"162.158.107.100","2026-01-21T06:01:50Z","/wp-content/themes/finley/min.php","-","themes_php"
"162.158.170.175","2026-01-21T06:10:43Z","//wp-content/themes/deeto/login.php","-","themes_php"
"162.158.106.162","2026-01-21T06:10:47Z","/wp-content/themes/404.php","Mozilla/5.0 (Windows NT 10.0; Win64; x64) AppleWebKit/537.36 (KHTML, like Gecko) Chrome/120.0.0.0 Safari/537.36","themes_php"
"172.69.166.101","2026-01-21T06:10:47Z","/wp-content/themes/about.php","-","themes_php"
"172.70.189.48","2026-01-21T06:10:54Z","//wp-content/themes/about.php","-","themes_php"
"162.158.170.175","2026-01-21T06:10:58Z","/wp-content/themes/wp-pridmag/init.php","Mozilla/5.0 (Windows NT 10.0; Win64; x64) AppleWebKit/537.36 (KHTML, like Gecko) Chrome/120.0.0.0 Safari/537.36","themes_php"
"172.71.81.89","2026-01-21T06:11:07Z","/wp-content/themes/twentytwenty/404.php","Mozilla/5.0 (Windows NT 10.0; Win64; x64) AppleWebKit/537.36 (KHTML, like Gecko) Chrome/120.0.0.0 Safari/537.36","themes_php"
"172.71.124.53","2026-01-21T06:11:12Z","/wp-content/themes/about.php","Mozilla/5.0 (Windows NT 10.0; Win64; x64) AppleWebKit/537.36 (KHTML, like Gecko) Chrome/120.0.0.0 Safari/537.36","themes_php"
"172.69.176.150","2026-01-21T06:24:15Z","/wp-content/themes/style.php","Go-http-client/1.1","themes_php"
"162.158.171.16","2026-01-21T06:27:15Z","/wp-content/themes/style.php","Go-http-client/1.1","themes_php"
"162.158.163.223","2026-01-21T06:50:10Z","/wp-content/themes/404.php","Mozilla/5.0 (Windows NT 10.0; Win64; x64) AppleWebKit/537.36 (KHTML, like Gecko) Chrome/120.0.0.0 Safari/537.36","themes_php"
"108.162.227.27","2026-01-21T06:50:15Z","/wp-content/themes/wp-pridmag/init.php","Mozilla/5.0 (Windows NT 10.0; Win64; x64) AppleWebKit/537.36 (KHTML, like Gecko) Chrome/120.0.0.0 Safari/537.36","themes_php"
"172.69.176.31","2026-01-21T06:50:22Z","/wp-content/themes/twentytwenty/404.php","Mozilla/5.0 (Windows NT 10.0; Win64; x64) AppleWebKit/537.36 (KHTML, like Gecko) Chrome/120.0.0.0 Safari/537.36","themes_php"
"162.158.106.173","2026-01-21T06:50:24Z","/wp-content/themes/","Mozilla/5.0 (Windows NT 10.0; Win64; x64) AppleWebKit/537.36 (KHTML, like Gecko) Chrome/120.0.0.0 Safari/537.36","themes_php"
"162.158.163.223","2026-01-21T06:50:26Z","/wp-content/themes/about.php","Mozilla/5.0 (Windows NT 10.0; Win64; x64) AppleWebKit/537.36 (KHTML, like Gecko) Chrome/120.0.0.0 Safari/537.36","themes_php"
"162.158.162.248","2026-01-21T07:09:11Z","/wp-content/themes/about.php","Mozilla/5.0 (Windows NT 10.0; Win64; x64) AppleWebKit/537.36 (KHTML, like Gecko) Chrome/120.0.0.0 Safari/537.36","themes_php"
"162.158.190.33","2026-01-21T07:09:12Z","/wp-content/themes/admin.php","Mozilla/5.0 (Windows NT 10.0; Win64; x64) AppleWebKit/537.36 (KHTML, like Gecko) Chrome/120.0.0.0 Safari/537.36","themes_php"
"162.158.107.99","2026-01-21T08:27:09Z","/wp-content/themes/404.php","Mozilla/5.0 (Windows NT 10.0; Win64; x64) AppleWebKit/537.36 (KHTML, like Gecko) Chrome/120.0.0.0 Safari/537.36","themes_php"
"172.68.164.43","2026-01-21T08:27:19Z","/wp-content/themes/wp-pridmag/init.php","Mozilla/5.0 (Windows NT 10.0; Win64; x64) AppleWebKit/537.36 (KHTML, like Gecko) Chrome/120.0.0.0 Safari/537.36","themes_php"
"162.158.88.62","2026-01-21T08:27:30Z","/wp-content/themes/twentytwenty/404.php","Mozilla/5.0 (Windows NT 10.0; Win64; x64) AppleWebKit/537.36 (KHTML, like Gecko) Chrome/120.0.0.0 Safari/537.36","themes_php"
"172.70.92.223","2026-01-21T08:27:36Z","/wp-content/themes/about.php","Mozilla/5.0 (Windows NT 10.0; Win64; x64) AppleWebKit/537.36 (KHTML, like Gecko) Chrome/120.0.0.0 Safari/537.36","themes_php"
"104.23.175.135","2026-01-21T11:01:55Z","/wp-content/themes/","Mozilla/5.0 (Macintosh; Intel Mac OS X 10_15_7) AppleWebKit/537.36 (KHTML, like Gecko) Chrome/120.0.0.0 Safari/537.36","themes_php"
"172.71.124.201","2026-01-21T11:14:19Z","/wp-content/themes/about.php","Mozilla/5.0 (Windows NT 10.0; Win64; x64) AppleWebKit/537.36 (KHTML, like Gecko) Chrome/120.0.0.0 Safari/537.36","themes_php"
"162.158.170.199","2026-01-21T11:14:19Z","/wp-content/themes/admin.php","Mozilla/5.0 (Windows NT 10.0; Win64; x64) AppleWebKit/537.36 (KHTML, like Gecko) Chrome/120.0.0.0 Safari/537.36","themes_php"
"162.158.108.104","2026-01-21T11:36:10Z","/wp-content/themes/wp-pridmag/init.php","Mozilla/5.0 (Windows NT 10.0; Win64; x64) AppleWebKit/537.36 (KHTML, like Gecko) Chrome/120.0.0.0 Safari/537.36","themes_php"
"172.69.176.136","2026-01-21T11:52:29Z","/wp-content/themes/seotheme/db.php?u","Mozlila/5.0 (Linux; Android 7.0; SM-G892A Bulid/NRD90M; wv) AppleWebKit/537.36 (KHTML, like Gecko) Version/4.0 Chrome/60.0.3112.107 Moblie Safari/537.36","themes_php"
"172.69.166.126","2026-01-21T11:52:30Z","/wp-content/themes/seotheme/db.php?u","Mozlila/5.0 (Linux; Android 7.0; SM-G892A Bulid/NRD90M; wv) AppleWebKit/537.36 (KHTML, like Gecko) Version/4.0 Chrome/60.0.3112.107 Moblie Safari/537.36","themes_php"
"172.71.81.167","2026-01-20T13:47:24Z","/wp-content/themes/style.php","Go-http-client/1.1","themes_php"
"172.71.81.167","2026-01-20T15:42:32Z","/wp-content/themes/seotheme/db.php?u","Mozlila/5.0 (Linux; Android 7.0; SM-G892A Bulid/NRD90M; wv) AppleWebKit/537.36 (KHTML, like Gecko) Version/4.0 Chrome/60.0.3112.107 Moblie Safari/537.36","themes_php"
"172.71.124.41","2026-01-20T15:42:33Z","/wp-content/themes/seotheme/db.php?u","Mozlila/5.0 (Linux; Android 7.0; SM-G892A Bulid/NRD90M; wv) AppleWebKit/537.36 (KHTML, like Gecko) Version/4.0 Chrome/60.0.3112.107 Moblie Safari/537.36","themes_php"
"172.70.189.60","2026-01-20T16:54:43Z","/wp-content/themes/","-","themes_php"
"162.158.106.155","2026-01-20T16:56:51Z","/wp-content/themes/seotheme/db.php?u","Mozlila/5.0 (Linux; Android 7.0; SM-G892A Bulid/NRD90M; wv) AppleWebKit/537.36 (KHTML, like Gecko) Version/4.0 Chrome/60.0.3112.107 Moblie Safari/537.36","themes_php"
"104.23.175.163","2026-01-20T16:56:56Z","/wp-content/themes/seotheme/db.php?u","Mozlila/5.0 (Linux; Android 7.0; SM-G892A Bulid/NRD90M; wv) AppleWebKit/537.36 (KHTML, like Gecko) Version/4.0 Chrome/60.0.3112.107 Moblie Safari/537.36","themes_php"
"162.158.88.49","2026-01-20T17:44:28Z","/wp-content/themes/about.php","-","themes_php"
"172.71.124.18","2026-01-20T17:44:37Z","/wp-content/themes/wp-pridmag/init.php","-","themes_php"
"172.70.208.80","2026-01-20T17:44:39Z","/wp-content/themes/index.php","-","themes_php"
"172.70.188.151","2026-01-20T17:44:40Z","/wp-content/themes/seotheme/mar.php","-","themes_php"
"172.69.165.48","2026-01-20T17:44:41Z","/wp-content/themes/sketch/404.php","-","themes_php"
"172.70.93.52","2026-01-20T17:47:44Z","/wp-content/themes/style.php","Go-http-client/1.1","themes_php"
"172.68.164.118","2026-01-20T20:39:41Z","/wp-content/themes/alera/alpha.php","Mozilla/5.0 (Linux; Android 10; K) AppleWebKit/537.36 (KHTML, like Gecko) Chrome/114.0.0.0 Mobile Safari/537.36","themes_php"
"172.71.81.222","2026-01-20T20:39:41Z","/wp-content/themes/about.php","Mozilla/5.0 (Linux; Android 10; K) AppleWebKit/537.36 (KHTML, like Gecko) Chrome/114.0.0.0 Mobile Safari/537.36","themes_php"
"172.69.176.111","2026-01-20T20:39:42Z","/wp-content/themes/index.php","Mozilla/5.0 (Linux; Android 10; K) AppleWebKit/537.36 (KHTML, like Gecko) Chrome/114.0.0.0 Mobile Safari/537.36","themes_php"
"162.158.163.150","2026-01-20T20:39:42Z","/wp-content/themes/inputs.php","Mozilla/5.0 (Linux; Android 10; K) AppleWebKit/537.36 (KHTML, like Gecko) Chrome/114.0.0.0 Mobile Safari/537.36","themes_php"
"162.158.190.106","2026-01-21T00:25:52Z","/wp-content/themes/about.php","-","themes_php"
"172.69.165.48","2026-01-21T00:25:58Z","/wp-content/themes/twentytwentytwo/index.php?p=","-","themes_php"
"162.158.88.104","2026-01-21T04:14:34Z","/wp-content/uploads/index.php","Mozilla/5.0 (Linux; Android 10; K) AppleWebKit/537.36 (KHTML, like Gecko) Chrome/114.0.0.0 Mobile Safari/537.36","uploads_php"
"172.71.81.84","2026-01-21T04:14:35Z","/wp-content/uploads/about.php","Mozilla/5.0 (Linux; Android 10; K) AppleWebKit/537.36 (KHTML, like Gecko) Chrome/114.0.0.0 Mobile Safari/537.36","uploads_php"
"172.71.152.86","2026-01-21T04:14:35Z","/wp-content/uploads/inputs.php","Mozilla/5.0 (Linux; Android 10; K) AppleWebKit/537.36 (KHTML, like Gecko) Chrome/114.0.0.0 Mobile Safari/537.36","uploads_php"
"172.68.164.45","2026-01-21T06:10:48Z","/wp-content/uploads/autoload_classmap.php","Mozilla/5.0 (Windows NT 10.0; Win64; x64) AppleWebKit/537.36 (KHTML, like Gecko) Chrome/120.0.0.0 Safari/537.36","uploads_php"
"172.70.208.44","2026-01-21T06:10:48Z","/wp-content/uploads/wp.php","Mozilla/5.0 (Windows NT 10.0; Win64; x64) AppleWebKit/537.36 (KHTML, like Gecko) Chrome/120.0.0.0 Safari/537.36","uploads_php"
"162.158.88.100","2026-01-21T06:10:57Z","/wp-content/uploads/2024/index.php","Mozilla/5.0 (Windows NT 10.0; Win64; x64) AppleWebKit/537.36 (KHTML, like Gecko) Chrome/120.0.0.0 Safari/537.36","uploads_php"
"162.158.170.175","2026-01-21T06:11:02Z","/wp-content/uploads/json.php","Mozilla/5.0 (Windows NT 10.0; Win64; x64) AppleWebKit/537.36 (KHTML, like Gecko) Chrome/120.0.0.0 Safari/537.36","uploads_php"
"162.158.190.34","2026-01-21T06:50:10Z","/wp-content/uploads/autoload_classmap.php","Mozilla/5.0 (Windows NT 10.0; Win64; x64) AppleWebKit/537.36 (KHTML, like Gecko) Chrome/120.0.0.0 Safari/537.36","uploads_php"
"172.70.92.204","2026-01-21T06:50:10Z","/wp-content/uploads/wp.php","Mozilla/5.0 (Windows NT 10.0; Win64; x64) AppleWebKit/537.36 (KHTML, like Gecko) Chrome/120.0.0.0 Safari/537.36","uploads_php"
"172.71.124.45","2026-01-21T06:50:15Z","/wp-content/uploads/2024/index.php","Mozilla/5.0 (Windows NT 10.0; Win64; x64) AppleWebKit/537.36 (KHTML, like Gecko) Chrome/120.0.0.0 Safari/537.36","uploads_php"
"162.158.170.108","2026-01-21T06:50:20Z","/wp-content/uploads/json.php","Mozilla/5.0 (Windows NT 10.0; Win64; x64) AppleWebKit/537.36 (KHTML, like Gecko) Chrome/120.0.0.0 Safari/537.36","uploads_php"
"172.71.124.89","2026-01-21T07:09:12Z","/wp-content/uploads/admin.php","Mozilla/5.0 (Windows NT 10.0; Win64; x64) AppleWebKit/537.36 (KHTML, like Gecko) Chrome/120.0.0.0 Safari/537.36","uploads_php"
"162.158.107.99","2026-01-21T08:27:09Z","/wp-content/uploads/autoload_classmap.php","Mozilla/5.0 (Windows NT 10.0; Win64; x64) AppleWebKit/537.36 (KHTML, like Gecko) Chrome/120.0.0.0 Safari/537.36","uploads_php"
"162.158.162.139","2026-01-21T08:27:10Z","/wp-content/uploads/wp.php","Mozilla/5.0 (Windows NT 10.0; Win64; x64) AppleWebKit/537.36 (KHTML, like Gecko) Chrome/120.0.0.0 Safari/537.36","uploads_php"
"172.70.208.53","2026-01-21T08:27:17Z","/wp-content/uploads/2024/index.php","Mozilla/5.0 (Windows NT 10.0; Win64; x64) AppleWebKit/537.36 (KHTML, like Gecko) Chrome/120.0.0.0 Safari/537.36","uploads_php"
"162.158.170.206","2026-01-21T08:27:26Z","/wp-content/uploads/json.php","Mozilla/5.0 (Windows NT 10.0; Win64; x64) AppleWebKit/537.36 (KHTML, like Gecko) Chrome/120.0.0.0 Safari/537.36","uploads_php"
"172.70.188.109","2026-01-21T11:14:30Z","/wp-content/uploads/admin.php","Mozilla/5.0 (Windows NT 10.0; Win64; x64) AppleWebKit/537.36 (KHTML, like Gecko) Chrome/120.0.0.0 Safari/537.36","uploads_php"
"108.162.227.124","2026-01-21T11:36:08Z","/wp-content/uploads/2024/index.php","Mozilla/5.0 (Windows NT 10.0; Win64; x64) AppleWebKit/537.36 (KHTML, like Gecko) Chrome/120.0.0.0 Safari/537.36","uploads_php"
"172.69.176.111","2026-01-20T20:39:08Z","/wp-content/uploads/index.php","Mozilla/5.0 (Linux; Android 10; K) AppleWebKit/537.36 (KHTML, like Gecko) Chrome/114.0.0.0 Mobile Safari/537.36","uploads_php"
"172.71.81.222","2026-01-20T20:39:42Z","/wp-content/uploads/inputs.php","Mozilla/5.0 (Linux; Android 10; K) AppleWebKit/537.36 (KHTML, like Gecko) Chrome/114.0.0.0 Mobile Safari/537.36","uploads_php"
"172.71.124.29","2026-01-20T20:39:42Z","/wp-content/uploads/about.php","Mozilla/5.0 (Linux; Android 10; K) AppleWebKit/537.36 (KHTML, like Gecko) Chrome/114.0.0.0 Mobile Safari/537.36","uploads_php"
"162.158.162.36","2026-01-21T06:04:31Z","//vendor/composer/cache.php","Go-http-client/2.0","vendor"
"162.158.108.90","2026-01-21T06:05:02Z","//vendor/htmlawed/htmlawed/gel4y.php","Go-http-client/2.0","vendor"
"172.69.176.111","2026-01-21T06:05:18Z","//vendor/composer/about.php","Go-http-client/2.0","vendor"
"104.23.175.162","2026-01-20T16:54:16Z","/vendor/phpunit/phpunit/src/Util/PHP/","-","vendor"
"172.68.164.54","2026-01-20T16:54:21Z","/vendor/","-","vendor"
"162.158.190.34","2026-01-20T17:44:37Z","/vendor/composer/index.php","-","vendor"
"172.71.124.37","2026-01-21T09:13:04Z","/wp-json/wp/v2/users","Mozilla/5.0 (X11; Linux x86_64) AppleWebKit/537.36 (KHTML, like Gecko) Chrome/119.0.0.0 Safari/537.36","wpjson_user"
"162.158.163.149","2026-01-21T01:01:12Z","/wp-json/wp/v2/users","Mozilla/5.0 (X11; Linux x86_64) AppleWebKit/537.36 (KHTML, like Gecko) Chrome/119.0.0.0 Safari/537.36","wpjson_user"
"172.71.81.164","2026-01-21T01:55:06Z","//xmlrpc.php?rsd","Mozilla/5.0 (Windows NT 10.0; Win64; x64) AppleWebKit/537.36 (KHTML, like Gecko) Chrome/95.0.4638.69 Safari/537.36","xmlrpc"
"108.162.226.81","2026-01-21T02:41:01Z","/xmlrpc.php","Mozilla/5.0 (Windows NT 10.0; Win64; x64) AppleWebKit/537.36 (KHTML, like Gecko) Chrome/120.0.0.0 Safari/537.36","xmlrpc"
"162.158.189.136","2026-01-21T03:10:37Z","/xmlrpc.php","Mozilla/5.0 (Windows NT 6.1; WOW64; rv:45.0) Gecko/20100101 Firefox/45.0","xmlrpc"
"104.23.175.23","2026-01-21T03:11:34Z","/xmlrpc.php","Mozilla/5.0 (Windows NT 10.0; Win64; x64) AppleWebKit/537.36 (KHTML, like Gecko) Chrome/120.0.0.0 Safari/537.36","xmlrpc"
"162.158.162.138","2026-01-21T03:36:14Z","/xmlrpc.php","Mozilla/5.0 (Windows NT 10.0; Win64; x64) AppleWebKit/537.36 (KHTML, like Gecko) Chrome/120.0.0.0 Safari/537.36","xmlrpc"
"172.71.81.84","2026-01-21T04:14:35Z","/xmlrpc.php","Mozilla/5.0 (Linux; Android 10; K) AppleWebKit/537.36 (KHTML, like Gecko) Chrome/114.0.0.0 Mobile Safari/537.36","xmlrpc"
"172.69.166.119","2026-01-21T05:18:04Z","//xmlrpc.php","Mozilla/5.0 (Windows NT 10.0; Win64; x64) AppleWebKit/537.36 (KHTML, like Gecko) Chrome/78.0.3904.108 Safari/537.36","xmlrpc"
"172.70.92.152","2026-01-21T05:29:54Z","/xmlrpc.php","Mozilla/5.0 (Windows NT 10.0; Win64; x64) AppleWebKit/537.36 (KHTML, like Gecko) Chrome/127.0.0.0 Safari/537.36","xmlrpc"
"172.68.164.140","2026-01-21T05:31:22Z","/xmlrpc.php","Mozilla/5.0 (Windows NT 10.0; Win64; x64) AppleWebKit/537.36 (KHTML, like Gecko) Chrome/127.0.0.0 Safari/537.36","xmlrpc"
"172.69.166.101","2026-01-21T06:10:51Z","/xmlrpc.php","Mozilla/5.0 (Windows NT 10.0; Win64; x64) AppleWebKit/537.36 (KHTML, like Gecko) Chrome/120.0.0.0 Safari/537.36","xmlrpc"
"172.71.82.52","2026-01-21T06:36:07Z","/xmlrpc.php","Mozilla/5.0 (Windows NT 10.0; Win64; x64) AppleWebKit/537.36 (KHTML, like Gecko) Chrome/120.0.0.0 Safari/537.36","xmlrpc"
"108.162.227.112","2026-01-21T06:37:50Z","//xmlrpc.php?rsd","Mozilla/5.0 (Windows NT 10.0; Win64; x64) AppleWebKit/537.36 (KHTML, like Gecko) Chrome/95.0.4638.69 Safari/537.36","xmlrpc"
"172.69.166.74","2026-01-21T06:50:12Z","/xmlrpc.php","Mozilla/5.0 (Windows NT 10.0; Win64; x64) AppleWebKit/537.36 (KHTML, like Gecko) Chrome/120.0.0.0 Safari/537.36","xmlrpc"
"172.71.124.22","2026-01-21T07:09:16Z","/xmlrpc.php","Mozilla/5.0 (Windows NT 10.0; Win64; x64) AppleWebKit/537.36 (KHTML, like Gecko) Chrome/120.0.0.0 Safari/537.36","xmlrpc"
"172.71.124.213","2026-01-21T07:10:09Z","//xmlrpc.php?rsd","Mozilla/5.0 (Windows NT 10.0; Win64; x64) AppleWebKit/537.36 (KHTML, like Gecko) Chrome/95.0.4638.69 Safari/537.36","xmlrpc"
"172.71.124.15","2026-01-21T07:23:42Z","/xmlrpc.php","Mozilla/5.0 (Windows NT 10.0; Win64; x64) AppleWebKit/537.36 (KHTML, like Gecko) Chrome/120.0.0.0 Safari/537.36","xmlrpc"
"172.69.176.31","2026-01-21T07:41:53Z","//xmlrpc.php","Mozilla/5.0 (Windows NT 10.0; Win64; x64) AppleWebKit/537.36 (KHTML, like Gecko) Chrome/78.0.3904.108 Safari/537.36","xmlrpc"
"172.69.165.12","2026-01-21T08:02:21Z","/xmlrpc.php","Mozilla/5.0 (Windows NT 10.0; WOW64; Trident/7.0; rv:11.0) like Gecko","xmlrpc"
"172.69.165.12","2026-01-21T08:02:23Z","/xmlrpc.php","Mozilla/5.0 (Windows NT 10.0; WOW64; Trident/7.0; rv:11.0) like Gecko","xmlrpc"
"172.69.176.32","2026-01-21T08:20:02Z","/xmlrpc.php","Mozilla/5.0 (Windows NT 10.0; Win64; x64) AppleWebKit/537.36 (KHTML, like Gecko) Chrome/120.0.0.0 Safari/537.36","xmlrpc"
"172.68.164.43","2026-01-21T08:27:12Z","/xmlrpc.php","Mozilla/5.0 (Windows NT 10.0; Win64; x64) AppleWebKit/537.36 (KHTML, like Gecko) Chrome/120.0.0.0 Safari/537.36","xmlrpc"
"104.23.175.162","2026-01-21T10:17:09Z","//xmlrpc.php","Mozilla/5.0 (Windows NT 10.0; Win64; x64) AppleWebKit/537.36 (KHTML, like Gecko) Chrome/78.0.3904.108 Safari/537.36","xmlrpc"
"162.158.170.226","2026-01-21T10:18:00Z","/xmlrpc.php?rsd","Mozilla/5.0 (Windows NT 10.0; Win64; x64) AppleWebKit/537.36 (KHTML, like Gecko) Chrome/79.0 Safari/537.36","xmlrpc"
"172.71.124.41","2026-01-21T10:21:05Z","/xmlrpc.php","Mozilla/5.0 (Windows NT 10.0; Win64; x64) AppleWebKit/537.36 (KHTML, like Gecko) Chrome/79.0 Safari/537.36","xmlrpc"
"172.70.143.252","2026-01-21T10:24:53Z","/xmlrpc.php","Mozilla/5.0 (Windows NT 10.0; Win64; x64) AppleWebKit/537.36 (KHTML, like Gecko) Chrome/120.0.0.0 Safari/537.36","xmlrpc"
"162.158.170.223","2026-01-21T10:27:08Z","/xmlrpc.php","Mozilla/5.0 (Windows NT 10.0; Win64; x64; rv:141.0) Gecko/20100101 Firefox/141.0","xmlrpc"
"172.70.142.50","2026-01-21T10:27:08Z","/xmlrpc.php","Mozilla/5.0 (Windows NT 10.0; Win64; x64) AppleWebKit/537.36 (KHTML, like Gecko) Chrome/138.0.0.0 Safari/537.36","xmlrpc"
"162.158.108.137","2026-01-21T10:27:13Z","/xmlrpc.php","Mozilla/5.0 (Windows NT 10.0; Win64; x64) AppleWebKit/537.36 (KHTML, like Gecko) Chrome/138.0.0.0 Safari/537.36","xmlrpc"
"172.70.189.42","2026-01-21T10:34:15Z","/xmlrpc.php","Mozilla/5.0 (Windows NT 10.0; Win64; x64) AppleWebKit/537.36 (KHTML, like Gecko) Chrome/127.0.0.0 Safari/537.36","xmlrpc"
"162.158.88.76","2026-01-21T10:43:18Z","/xmlrpc.php","Mozilla/5.0 (Windows NT 10.0; Win64; x64) AppleWebKit/537.36 (KHTML, like Gecko) Chrome/138.0.0.0 Safari/537.36","xmlrpc"
"162.158.107.91","2026-01-21T10:43:19Z","/xmlrpc.php","Mozilla/5.0 (Windows NT 10.0; Win64; x64) AppleWebKit/537.36 (KHTML, like Gecko) Chrome/138.0.0.0 Safari/537.36","xmlrpc"
"172.70.208.129","2026-01-21T10:43:24Z","/xmlrpc.php","Mozilla/5.0 (Windows NT 10.0; Win64; x64; rv:141.0) Gecko/20100101 Firefox/141.0","xmlrpc"
"108.162.226.172","2026-01-21T10:51:03Z","/xmlrpc.php?rsd","Mozilla/5.0 (Windows NT 10.0; Win64; x64) AppleWebKit/537.36 (KHTML, like Gecko) Chrome/79.0 Safari/537.36","xmlrpc"
"162.158.88.170","2026-01-21T10:52:13Z","/xmlrpc.php","Mozilla/5.0 (Macintosh; Intel Mac OS X 10_15_7) AppleWebKit/605.1.15 (KHTML, like Gecko) Version/18.0 Safari/605.1.15","xmlrpc"
"172.69.176.76","2026-01-21T10:52:14Z","/xmlrpc.php","Mozilla/5.0 (Macintosh; Intel Mac OS X 10_15_7) AppleWebKit/605.1.15 (KHTML, like Gecko) Version/18.0 Safari/605.1.15","xmlrpc"
"162.158.170.227","2026-01-21T10:52:20Z","/xmlrpc.php","Mozilla/5.0 (Windows NT 10.0; Win64; x64; rv:131.0) Gecko/20100101 Firefox/131.0","xmlrpc"
"104.23.175.135","2026-01-21T10:52:21Z","/xmlrpc.php","Mozilla/5.0 (Windows NT 10.0; Win64; x64; rv:131.0) Gecko/20100101 Firefox/131.0","xmlrpc"
"104.23.175.134","2026-01-21T10:52:24Z","/xmlrpc.php","Mozilla/5.0 (Macintosh; Intel Mac OS X 10_15_7) AppleWebKit/537.36 (KHTML, like Gecko) Chrome/129.0.6668.100 Safari/537.36","xmlrpc"
"172.68.164.139","2026-01-21T10:52:26Z","/xmlrpc.php","Mozilla/5.0 (Windows NT 10.0; Win64; x64) AppleWebKit/537.36 (KHTML, like Gecko) Chrome/130.0.0.0 Safari/537.36","xmlrpc"
"162.158.170.227","2026-01-21T10:52:26Z","/xmlrpc.php","Mozilla/5.0 (Windows NT 10.0; Win64; x64) AppleWebKit/537.36 (KHTML, like Gecko) Chrome/130.0.0.0 Safari/537.36","xmlrpc"
"162.158.162.89","2026-01-21T10:52:26Z","/xmlrpc.php","Mozilla/5.0 (Windows NT 10.0; Win64; x64) AppleWebKit/537.36 (KHTML, like Gecko) Chrome/130.0.2849.46 Safari/537.36 Edg/130.0.2849.46","xmlrpc"
"162.158.170.227","2026-01-21T10:52:26Z","/xmlrpc.php","Mozilla/5.0 (Windows NT 10.0; Win64; x64) AppleWebKit/537.36 (KHTML, like Gecko) Chrome/130.0.2849.46 Safari/537.36 Edg/130.0.2849.46","xmlrpc"
"172.69.166.9","2026-01-21T10:52:28Z","/xmlrpc.php","Mozilla/5.0 (Macintosh; Intel Mac OS X 10_15_7) AppleWebKit/537.36 (KHTML, like Gecko) Chrome/129.0.6668.100 Safari/537.36","xmlrpc"
"162.158.170.227","2026-01-21T10:52:38Z","/xmlrpc.php","Mozilla/5.0 (Macintosh; Intel Mac OS X 10_15_7) AppleWebKit/537.36 (KHTML, like Gecko) Chrome/129.0.0.0 Safari/537.36","xmlrpc"
"172.71.124.41","2026-01-21T10:52:38Z","/xmlrpc.php","Mozilla/5.0 (Macintosh; Intel Mac OS X 10_15_7) AppleWebKit/537.36 (KHTML, like Gecko) Chrome/129.0.0.0 Safari/537.36","xmlrpc"
"172.69.166.9","2026-01-21T10:52:44Z","/xmlrpc.php","Mozilla/5.0 (Windows NT 10.0; Win64; x64) AppleWebKit/537.36 (KHTML, like Gecko) Chrome/130.0.0.0 Safari/537.36","xmlrpc"
"162.158.189.90","2026-01-21T10:52:45Z","/xmlrpc.php","Mozilla/5.0 (Windows NT 10.0; Win64; x64) AppleWebKit/537.36 (KHTML, like Gecko) Chrome/130.0.0.0 Safari/537.36","xmlrpc"
"172.71.81.167","2026-01-21T10:53:01Z","/xmlrpc.php","Mozilla/5.0 (Windows NT 10.0; Win64; x64) AppleWebKit/537.36 (KHTML, like Gecko) Chrome/130.0.6723.70 Safari/537.36","xmlrpc"
"162.158.108.8","2026-01-21T10:53:01Z","/xmlrpc.php","Mozilla/5.0 (Windows NT 10.0; Win64; x64) AppleWebKit/537.36 (KHTML, like Gecko) Chrome/130.0.6723.70 Safari/537.36","xmlrpc"
"162.158.189.208","2026-01-21T10:53:08Z","/xmlrpc.php","Mozilla/5.0 (Windows NT 10.0; Win64; x64) AppleWebKit/537.36 (KHTML, like Gecko) Chrome/120.0.0.0 Safari/537.36","xmlrpc"
"172.69.176.76","2026-01-21T10:53:17Z","/xmlrpc.php","Mozilla/5.0 (Windows NT 10.0; Win64; x64) AppleWebKit/537.36 (KHTML, like Gecko) Chrome/129.0.6668.42 Safari/537.36","xmlrpc"
"162.158.189.90","2026-01-21T10:53:18Z","/xmlrpc.php","Mozilla/5.0 (Windows NT 10.0; Win64; x64) AppleWebKit/537.36 (KHTML, like Gecko) Chrome/129.0.6668.42 Safari/537.36","xmlrpc"
"172.69.176.76","2026-01-21T10:54:09Z","/xmlrpc.php","Mozilla/5.0 (Windows NT 10.0; Win64; x64) AppleWebKit/537.36 (KHTML, like Gecko) Chrome/79.0 Safari/537.36","xmlrpc"
"172.70.208.129","2026-01-21T11:15:14Z","/xmlrpc.php","Mozilla/5.0 (Windows NT 10.0; Win64; x64) AppleWebKit/537.36 (KHTML, like Gecko) Chrome/120.0.0.0 Safari/537.36","xmlrpc"
"104.23.175.179","2026-01-21T11:26:06Z","//xmlrpc.php?rsd","Mozilla/5.0 (Windows NT 10.0; Win64; x64) AppleWebKit/537.36 (KHTML, like Gecko) Chrome/79.0 Safari/537.36","xmlrpc"
"172.70.147.174","2026-01-21T11:28:05Z","//xmlrpc.php?rsd","Mozilla/5.0 (Windows NT 10.0; Win64; x64) AppleWebKit/537.36 (KHTML, like Gecko) Chrome/79.0 Safari/537.36","xmlrpc"
"172.70.142.50","2026-01-21T11:41:05Z","/xmlrpc.php","Mozilla/5.0 (X11; Ubuntu; Linux x86_64; arm64) AppleWebKit/537.36 (KHTML, like Gecko) Chrome/95.0.0.0 Safari/537.36","xmlrpc"
"172.71.81.168","2026-01-20T12:13:02Z","/xmlrpc.php?rsd","Mozilla/5.0 (Windows NT 10.0; Win64; x64) AppleWebKit/537.36 (KHTML, like Gecko) Chrome/78.0.3904.108 Safari/537.36","xmlrpc"
"172.69.166.8","2026-01-20T12:13:05Z","/xmlrpc.php","Mozilla/5.0 (Windows NT 10.0; Win64; x64) AppleWebKit/537.36 (KHTML, like Gecko) Chrome/78.0.3904.108 Safari/537.36","xmlrpc"
"162.158.106.77","2026-01-20T12:13:05Z","/xmlrpc.php","Mozilla/5.0 (Windows NT 10.0; Win64; x64) AppleWebKit/537.36 (KHTML, like Gecko) Chrome/78.0.3904.108 Safari/537.36","xmlrpc"
"172.71.81.168","2026-01-20T12:13:05Z","/xmlrpc.php","Mozilla/5.0 (Windows NT 10.0; Win64; x64) AppleWebKit/537.36 (KHTML, like Gecko) Chrome/78.0.3904.108 Safari/537.36","xmlrpc"
"104.23.175.135","2026-01-20T12:13:05Z","/xmlrpc.php","Mozilla/5.0 (Windows NT 10.0; Win64; x64) AppleWebKit/537.36 (KHTML, like Gecko) Chrome/78.0.3904.108 Safari/537.36","xmlrpc"
"172.70.208.135","2026-01-20T12:13:06Z","/xmlrpc.php","Mozilla/5.0 (Windows NT 10.0; Win64; x64) AppleWebKit/537.36 (KHTML, like Gecko) Chrome/78.0.3904.108 Safari/537.36","xmlrpc"
"162.158.170.226","2026-01-20T12:13:07Z","/xmlrpc.php","Mozilla/5.0 (Windows NT 10.0; Win64; x64) AppleWebKit/537.36 (KHTML, like Gecko) Chrome/78.0.3904.108 Safari/537.36","xmlrpc"
"172.71.124.40","2026-01-20T12:29:15Z","/xmlrpc.php?rsd","Mozilla/5.0 (Windows NT 10.0; Win64; x64) AppleWebKit/537.36 (KHTML, like Gecko) Chrome/78.0.3904.108 Safari/537.36","xmlrpc"
"172.70.189.78","2026-01-20T12:29:23Z","/xmlrpc.php","Mozilla/5.0 (Windows NT 10.0; Win64; x64) AppleWebKit/537.36 (KHTML, like Gecko) Chrome/78.0.3904.108 Safari/537.36","xmlrpc"
"162.158.162.88","2026-01-20T12:29:23Z","/xmlrpc.php","Mozilla/5.0 (Windows NT 10.0; Win64; x64) AppleWebKit/537.36 (KHTML, like Gecko) Chrome/78.0.3904.108 Safari/537.36","xmlrpc"
"172.70.93.53","2026-01-20T12:29:23Z","/xmlrpc.php","Mozilla/5.0 (Windows NT 10.0; Win64; x64) AppleWebKit/537.36 (KHTML, like Gecko) Chrome/78.0.3904.108 Safari/537.36","xmlrpc"
"172.70.189.78","2026-01-20T12:29:23Z","/xmlrpc.php","Mozilla/5.0 (Windows NT 10.0; Win64; x64) AppleWebKit/537.36 (KHTML, like Gecko) Chrome/78.0.3904.108 Safari/537.36","xmlrpc"
"162.158.170.226","2026-01-20T12:29:23Z","/xmlrpc.php","Mozilla/5.0 (Windows NT 10.0; Win64; x64) AppleWebKit/537.36 (KHTML, like Gecko) Chrome/78.0.3904.108 Safari/537.36","xmlrpc"
"162.158.108.9","2026-01-20T12:29:23Z","/xmlrpc.php","Mozilla/5.0 (Windows NT 10.0; Win64; x64) AppleWebKit/537.36 (KHTML, like Gecko) Chrome/78.0.3904.108 Safari/537.36","xmlrpc"
"172.69.176.111","2026-01-20T13:05:42Z","/xmlrpc.php?rsd","Mozilla/5.0 (Windows NT 10.0; Win64; x64) AppleWebKit/537.36 (KHTML, like Gecko) Chrome/88.0.4240.193 Safari/537.36","xmlrpc"
"172.70.147.186","2026-01-20T13:28:13Z","/xmlrpc.php","Mozilla/5.0 (Windows NT 6.2; x64) AppleWebKit/537.36 (KHTML, like Gecko) Edge/100.0.0.0 Safari/537.36","xmlrpc"
"172.70.147.186","2026-01-20T13:28:33Z","/xmlrpc.php","Mozilla/5.0 (Macintosh; Intel Mac OS X 10_15_7; arm64) AppleWebKit/537.36 (KHTML, like Gecko) Opera/64.0.0.0 Safari/537.36","xmlrpc"
"104.23.175.211","2026-01-20T13:41:22Z","/xmlrpc.php","Mozilla/5.0 (Windows NT 10.0; Win64; x64) AppleWebKit/537.36 (KHTML, like Gecko) Chrome/91.0.4472.124 Safari/537.36","xmlrpc"
"162.158.170.19","2026-01-20T14:02:52Z","//xmlrpc.php","Mozilla/5.0 (Windows NT 10.0; Win64; x64) AppleWebKit/537.36 (KHTML, like Gecko) Chrome/80.0.3987.149 Safari/537.36","xmlrpc"
"172.69.166.9","2026-01-20T14:46:49Z","/xmlrpc.php","Mozilla/5.0 (Windows NT 10.0; Win64; x64) AppleWebKit/537.36 (KHTML, like Gecko) Chrome/91.0.4472.114 Safari/537.36","xmlrpc"
"162.158.170.226","2026-01-20T14:46:50Z","/xmlrpc.php","Mozilla/5.0 (Windows NT 10.0; Win64; x64) AppleWebKit/537.36 (KHTML, like Gecko) Chrome/91.0.4472.114 Safari/537.36","xmlrpc"
"162.158.162.89","2026-01-20T14:46:51Z","/xmlrpc.php","Mozilla/5.0 (Windows NT 10.0; Win64; x64) AppleWebKit/537.36 (KHTML, like Gecko) Chrome/91.0.4472.114 Safari/537.36","xmlrpc"
"104.23.175.134","2026-01-20T14:46:52Z","/xmlrpc.php","Mozilla/5.0 (Windows NT 6.1; WOW64; rv:43.0) Gecko/20100101 Firefox/43.0","xmlrpc"
"162.158.108.9","2026-01-20T14:46:53Z","/xmlrpc.php","Mozilla/5.0 (Windows NT 6.1; WOW64; rv:43.0) Gecko/20100101 Firefox/43.0","xmlrpc"
"172.69.166.9","2026-01-20T14:46:54Z","/xmlrpc.php","Mozilla/5.0 (Windows NT 6.1; WOW64; rv:43.0) Gecko/20100101 Firefox/43.0","xmlrpc"
"104.23.175.134","2026-01-20T14:47:03Z","/xmlrpc.php","Mozilla/5.0 (Windows NT 6.1) AppleWebKit/537.36 (KHTML, like Gecko) Chrome/56.0.2924.76 Safari/537.36","xmlrpc"
"162.158.88.171","2026-01-20T14:47:04Z","/xmlrpc.php","Mozilla/5.0 (Windows NT 6.1) AppleWebKit/537.36 (KHTML, like Gecko) Chrome/56.0.2924.76 Safari/537.36","xmlrpc"
"172.71.81.167","2026-01-20T14:47:06Z","/xmlrpc.php","Mozilla/5.0 (Windows NT 6.1) AppleWebKit/537.36 (KHTML, like Gecko) Chrome/56.0.2924.76 Safari/537.36","xmlrpc"
"162.158.108.9","2026-01-20T14:47:14Z","/xmlrpc.php","Mozilla/5.0 (Windows NT 10.0; Win64; x64; rv:67.0) Gecko/20100101 Firefox/67.0","xmlrpc"
"172.71.124.41","2026-01-20T14:47:15Z","/xmlrpc.php","Mozilla/5.0 (Windows NT 10.0; Win64; x64; rv:67.0) Gecko/20100101 Firefox/67.0","xmlrpc"
"162.158.162.89","2026-01-20T14:47:16Z","/xmlrpc.php","Mozilla/5.0 (Windows NT 10.0; Win64; x64; rv:67.0) Gecko/20100101 Firefox/67.0","xmlrpc"
"172.70.93.52","2026-01-20T14:47:37Z","/xmlrpc.php","Mozilla/5.0 (Windows NT 10.0; Win64; x64) AppleWebKit/537.36 (KHTML, like Gecko) Chrome/68.0.3440.106 Safari/537.36","xmlrpc"
"162.158.162.89","2026-01-20T14:47:38Z","/xmlrpc.php","Mozilla/5.0 (Windows NT 10.0; Win64; x64) AppleWebKit/537.36 (KHTML, like Gecko) Chrome/68.0.3440.106 Safari/537.36","xmlrpc"
"104.23.175.134","2026-01-20T14:47:39Z","/xmlrpc.php","Mozilla/5.0 (Windows NT 10.0; Win64; x64) AppleWebKit/537.36 (KHTML, like Gecko) Chrome/68.0.3440.106 Safari/537.36","xmlrpc"
"162.158.108.9","2026-01-20T14:47:42Z","/xmlrpc.php","Mozilla/5.0 (Windows NT 10.0; Win64; x64; rv:59.0) Gecko/20100101 Firefox/59.0","xmlrpc"
"172.68.164.79","2026-01-20T14:47:42Z","/xmlrpc.php","Mozilla/5.0 (Windows NT 10.0; Win64; x64; rv:59.0) Gecko/20100101 Firefox/59.0","xmlrpc"
"162.158.189.181","2026-01-20T14:47:43Z","/xmlrpc.php","Mozilla/5.0 (Windows NT 10.0; Win64; x64) AppleWebKit/537.36 (KHTML, like Gecko) Chrome/70.0.3538.102 Safari/537.36","xmlrpc"
"104.23.175.134","2026-01-20T14:47:44Z","/xmlrpc.php","Mozilla/5.0 (Windows NT 10.0; Win64; x64) AppleWebKit/537.36 (KHTML, like Gecko) Chrome/70.0.3538.102 Safari/537.36","xmlrpc"
"172.71.81.167","2026-01-20T14:47:45Z","/xmlrpc.php","Mozilla/5.0 (Windows NT 10.0; Win64; x64) AppleWebKit/537.36 (KHTML, like Gecko) Chrome/70.0.3538.102 Safari/537.36","xmlrpc"
"162.158.170.19","2026-01-20T15:25:10Z","/xmlrpc.php?rsd","Mozilla/5.0 (Windows NT 10.0; Win64; x64) AppleWebKit/537.36 (KHTML, like Gecko) Chrome/88.0.4240.193 Safari/537.36","xmlrpc"
"172.68.164.21","2026-01-20T15:38:45Z","/xmlrpc.php","Mozilla/5.0 (X11; Linux x86_64) AppleWebKit/537.36 (KHTML, like Gecko) Chrome/120.0.0.0 Safari/537.36","xmlrpc"
"104.23.175.134","2026-01-20T15:47:34Z","/xmlrpc.php","Mozilla/5.0 (Windows NT 10.0; x64) AppleWebKit/537.36 (KHTML, like Gecko) Chrome/83.0.0.0 Safari/537.36","xmlrpc"
"162.158.106.155","2026-01-20T16:27:35Z","//xmlrpc.php","Mozilla/5.0 (Windows NT 10.0; Win64; x64) AppleWebKit/537.36 (KHTML, like Gecko) Chrome/80.0.3987.149 Safari/537.36","xmlrpc"
"172.69.176.136","2026-01-20T17:18:32Z","/xmlrpc.php?rsd","Mozilla/5.0 (Windows NT 10.0; Win64; x64) AppleWebKit/537.36 (KHTML, like Gecko) Chrome/80.0.3987.149 Safari/537.36","xmlrpc"
"162.158.170.222","2026-01-20T17:18:39Z","/xmlrpc.php","Mozilla/5.0 (Windows NT 10.0; Win64; x64) AppleWebKit/537.36 (KHTML, like Gecko) Chrome/80.0.3987.149 Safari/537.36","xmlrpc"
"172.71.152.99","2026-01-20T17:28:07Z","//xmlrpc.php?rsd","Mozilla/5.0 (Windows NT 10.0; Win64; x64) AppleWebKit/537.36 (KHTML, like Gecko) Chrome/79.0 Safari/537.36","xmlrpc"
"108.162.227.123","2026-01-20T17:35:52Z","/xmlrpc.php","Mozilla/5.0 (Windows NT 10.0; Win64; x64) AppleWebKit/537.36 (KHTML, like Gecko) Chrome/138.0.0.0 Safari/537.36","xmlrpc"
"172.70.93.7","2026-01-20T17:38:08Z","/xmlrpc.php","Mozilla/5.0 (Windows NT 6.1; WOW64; rv:45.0) Gecko/20100101 Firefox/45.0","xmlrpc"
"162.158.108.104","2026-01-20T17:48:58Z","//xmlrpc.php","Mozilla/5.0 (Windows NT 10.0; Win64; x64) AppleWebKit/537.36 (KHTML, like Gecko) Chrome/80.0.3987.149 Safari/537.36","xmlrpc"
"172.68.164.78","2026-01-20T18:01:04Z","/xmlrpc.php?rsd","Mozilla/5.0 (Windows NT 10.0; Win64; x64) AppleWebKit/537.36 (KHTML, like Gecko) Chrome/78.0.3904.108 Safari/537.36","xmlrpc"
"172.68.164.78","2026-01-20T18:01:12Z","/xmlrpc.php","Mozilla/5.0 (Windows NT 10.0; Win64; x64) AppleWebKit/537.36 (KHTML, like Gecko) Chrome/78.0.3904.108 Safari/537.36","xmlrpc"
"172.71.81.168","2026-01-20T18:01:12Z","/xmlrpc.php","Mozilla/5.0 (Windows NT 10.0; Win64; x64) AppleWebKit/537.36 (KHTML, like Gecko) Chrome/78.0.3904.108 Safari/537.36","xmlrpc"
"162.158.162.89","2026-01-20T18:01:12Z","/xmlrpc.php","Mozilla/5.0 (Windows NT 10.0; Win64; x64) AppleWebKit/537.36 (KHTML, like Gecko) Chrome/78.0.3904.108 Safari/537.36","xmlrpc"
"172.69.166.9","2026-01-20T18:01:12Z","/xmlrpc.php","Mozilla/5.0 (Windows NT 10.0; Win64; x64) AppleWebKit/537.36 (KHTML, like Gecko) Chrome/78.0.3904.108 Safari/537.36","xmlrpc"
"172.70.189.78","2026-01-20T18:01:12Z","/xmlrpc.php","Mozilla/5.0 (Windows NT 10.0; Win64; x64) AppleWebKit/537.36 (KHTML, like Gecko) Chrome/78.0.3904.108 Safari/537.36","xmlrpc"
"108.162.226.173","2026-01-20T18:01:12Z","/xmlrpc.php","Mozilla/5.0 (Windows NT 10.0; Win64; x64) AppleWebKit/537.36 (KHTML, like Gecko) Chrome/78.0.3904.108 Safari/537.36","xmlrpc"
"172.71.124.114","2026-01-20T18:06:48Z","/xmlrpc.php?rsd","Mozilla/5.0 (Windows NT 10.0; Win64; x64) AppleWebKit/537.36 (KHTML, like Gecko) Chrome/78.0.3904.108 Safari/537.36","xmlrpc"
"172.69.176.8","2026-01-20T18:21:18Z","/xmlrpc.php?rsd","Mozilla/5.0 (Windows NT 10.0; Win64; x64) AppleWebKit/537.36 (KHTML, like Gecko) Chrome/78.0.3904.108 Safari/537.36","xmlrpc"
"104.23.175.134","2026-01-20T18:21:21Z","/xmlrpc.php","Mozilla/5.0 (Windows NT 10.0; Win64; x64) AppleWebKit/537.36 (KHTML, like Gecko) Chrome/78.0.3904.108 Safari/537.36","xmlrpc"
"162.158.106.77","2026-01-20T18:21:22Z","/xmlrpc.php","Mozilla/5.0 (Windows NT 10.0; Win64; x64) AppleWebKit/537.36 (KHTML, like Gecko) Chrome/78.0.3904.108 Safari/537.36","xmlrpc"
"172.70.208.134","2026-01-20T18:21:22Z","/xmlrpc.php","Mozilla/5.0 (Windows NT 10.0; Win64; x64) AppleWebKit/537.36 (KHTML, like Gecko) Chrome/78.0.3904.108 Safari/537.36","xmlrpc"
"108.162.226.172","2026-01-20T18:21:23Z","/xmlrpc.php","Mozilla/5.0 (Windows NT 10.0; Win64; x64) AppleWebKit/537.36 (KHTML, like Gecko) Chrome/78.0.3904.108 Safari/537.36","xmlrpc"
"172.71.81.167","2026-01-20T18:21:23Z","/xmlrpc.php","Mozilla/5.0 (Windows NT 10.0; Win64; x64) AppleWebKit/537.36 (KHTML, like Gecko) Chrome/78.0.3904.108 Safari/537.36","xmlrpc"
"104.23.175.134","2026-01-20T18:21:23Z","/xmlrpc.php","Mozilla/5.0 (Windows NT 10.0; Win64; x64) AppleWebKit/537.36 (KHTML, like Gecko) Chrome/78.0.3904.108 Safari/537.36","xmlrpc"
"162.158.108.112","2026-01-20T18:32:49Z","/xmlrpc.php","Mozilla/5.0 (Macintosh; Intel Mac OS X 10.15; rv:146.0) Gecko/20100101 Firefox/146.0","xmlrpc"
"162.158.108.9","2026-01-20T18:37:24Z","/xmlrpc.php","Mozilla/5.0 (Windows NT 6.1; WOW64; rv:45.0) Gecko/20100101 Firefox/45.0","xmlrpc"
"172.70.208.139","2026-01-20T19:07:54Z","//xmlrpc.php","Mozilla/5.0 (Windows NT 10.0; Win64; x64) AppleWebKit/537.36 (KHTML, like Gecko) Chrome/80.0.3987.149 Safari/537.36","xmlrpc"
"172.71.124.18","2026-01-20T19:34:38Z","//xmlrpc.php?rsd","Mozilla/5.0 (Windows NT 10.0; Win64; x64) AppleWebKit/537.36 (KHTML, like Gecko) Chrome/79.0 Safari/537.36","xmlrpc"
"108.162.227.43","2026-01-20T20:06:02Z","//xmlrpc.php?rsd","Mozilla/5.0 (Windows NT 10.0; Win64; x64) AppleWebKit/537.36 (KHTML, like Gecko) Chrome/80.0.3987.149 Safari/537.36","xmlrpc"
"162.158.162.20","2026-01-20T20:08:28Z","//xmlrpc.php?rsd","Mozilla/5.0 (Windows NT 10.0; Win64; x64) AppleWebKit/537.36 (KHTML, like Gecko) Chrome/79.0 Safari/537.36","xmlrpc"
"172.71.124.28","2026-01-20T20:22:41Z","/xmlrpc.php?rsd","Mozilla/5.0 (Windows NT 10.0; Win64; x64) AppleWebKit/537.36 (KHTML, like Gecko) Chrome/88.0.4240.193 Safari/537.36","xmlrpc"
"172.69.176.111","2026-01-20T20:40:27Z","/xmlrpc.php","Mozilla/5.0 (Linux; Android 10; K) AppleWebKit/537.36 (KHTML, like Gecko) Chrome/114.0.0.0 Mobile Safari/537.36","xmlrpc"
"172.71.124.29","2026-01-20T20:49:37Z","/xmlrpc.php","Mozilla/5.0 (Macintosh; Intel Mac OS X 10.15; rv:146.0) Gecko/20100101 Firefox/146.0","xmlrpc"
"162.158.108.112","2026-01-20T22:20:41Z","/xmlrpc.php","-","xmlrpc"
"172.69.176.111","2026-01-20T23:37:13Z","/xmlrpc.php","Mozilla/5.0 (Windows NT 10.0; Win64; x64) AppleWebKit/537.36 (KHTML, like Gecko) Chrome/127.0.0.0 Safari/537.36","xmlrpc"
"172.70.208.138","2026-01-21T00:13:34Z","//xmlrpc.php","Mozilla/5.0 (Windows NT 10.0; Win64; x64) AppleWebKit/537.36 (KHTML, like Gecko) Chrome/80.0.3987.149 Safari/537.36","xmlrpc"
